Model,AUC
Logistic Regression,0.8521945800718179
Random Forest,0.8371257330336614
